dlbs_1,dlbs_2,dlbs_3,dlbs_4,dlbs_5,dlbs_6,dlbs_7,dlbs_8,dlbs_9,dlbs_10,dlbs_11,dlbs_12,dlbs_13,dlbs_14,dlbs_15,dlbs_16,dlbs_17,dlbs_18,dlbs_19,neurotype
4,3,4,4,3,4,2,2,4,1,1,1,1,1,1,4,3,5,5,Neurotypical
2,5,5,4,3,5,5,5,5,5,4,4,4,4,3,3,3,3,5,Neurodivergent
1,1,1,3,3,3,2,1,2,2,5,5,4,4,5,2,1,1,1,Neurotypical
3,1,2,3,1,1,2,4,1,3,3,5,3,2,3,5,4,3,4,Neurotypical
2,2,4,2,5,3,5,5,3,4,4,5,5,4,5,4,2,3,3,Neurodivergent
5,4,4,5,3,5,3,3,4,5,4,4,3,3,4,5,3,3,5,Neurodivergent
1,1,2,4,2,4,1,2,2,3,4,5,4,4,4,5,5,5,4,Neurodivergent
1,3,3,4,1,1,4,3,2,1,3,4,5,4,5,2,2,2,2,Neurotypical
4,4,1,4,1,4,2,5,4,4,1,1,4,4,2,2,4,4,1,Neurotypical
1,2,1,2,1,3,1,2,1,1,3,5,2,5,5,2,2,4,3,Neurotypical
4,2,3,5,5,2,2,3,2,2,3,5,2,4,4,5,5,3,4,Neurodivergent
1,2,2,2,2,1,4,2,1,2,5,2,3,4,2,2,4,1,3,Neurotypical
4,4,5,5,2,5,5,5,5,5,2,1,1,1,2,4,5,3,5,Neurodivergent
5,4,5,5,5,5,3,5,4,5,1,1,1,3,1,3,2,3,1,Neurodivergent
1,1,1,1,2,3,3,2,3,1,5,5,5,5,4,4,4,NA,3,Neurotypical
5,4,5,5,4,5,3,4,4,4,4,2,4,1,5,3,5,5,5,Neurodivergent
3,3,3,1,1,2,2,1,1,3,2,5,1,3,3,1,1,1,1,Neurotypical
5,1,2,5,5,3,4,5,3,2,2,3,1,2,3,2,4,3,3,Neurotypical
5,4,4,2,4,5,5,4,4,5,3,3,5,4,3,NA,5,5,2,Neurodivergent
4,5,3,4,2,1,2,3,2,2,5,3,5,4,3,2,3,2,2,Neurotypical
2,2,1,1,1,1,1,1,1,1,5,5,5,5,5,3,2,4,5,Neurotypical
4,5,4,4,3,1,3,2,4,1,5,4,5,3,5,2,3,2,4,Neurodivergent
4,4,3,4,4,1,3,5,2,2,2,1,2,2,3,3,3,2,2,Neurotypical
2,4,1,1,4,2,1,1,1,1,1,2,2,4,3,5,4,4,3,Neurotypical
5,5,5,5,4,4,5,5,5,5,4,2,1,2,1,3,4,4,5,Neurodivergent
3,4,5,4,4,5,5,5,5,5,2,1,1,1,2,NA,NA,5,4,Neurodivergent
5,5,5,4,5,4,5,3,2,5,1,1,1,1,1,NA,4,5,NA,Neurodivergent
3,2,1,3,4,1,1,1,2,3,2,1,1,1,1,3,2,NA,NA,Neurotypical
5,3,5,3,3,1,3,1,1,1,5,5,5,5,4,3,4,4,4,Neurodivergent
1,3,1,2,4,3,2,4,4,3,3,4,5,5,4,NA,NA,3,2,Neurodivergent
3,1,5,5,3,3,1,4,3,2,4,5,5,4,2,3,2,4,5,Neurodivergent
4,2,5,5,5,3,3,5,2,2,3,3,2,1,3,3,4,3,5,Neurodivergent
3,3,1,4,2,3,2,3,2,2,1,1,2,4,4,2,4,1,2,Neurotypical
5,3,2,4,4,1,2,2,1,1,2,1,2,2,1,2,1,1,2,Neurotypical
5,5,5,4,5,5,5,4,5,5,1,3,2,2,1,3,3,1,4,Neurodivergent
2,1,1,1,2,1,1,1,1,2,5,4,4,3,2,4,3,2,2,Neurotypical
3,3,5,3,5,4,3,5,4,3,2,5,2,3,1,4,4,5,NA,Neurodivergent
3,1,1,2,4,1,2,2,1,1,4,2,2,2,1,1,1,3,4,Neurotypical
2,1,1,1,3,1,1,1,1,1,5,5,5,5,4,3,2,3,3,Neurotypical
4,2,4,4,4,3,3,5,4,5,1,2,4,1,1,4,NA,5,3,Neurodivergent
1,1,1,1,1,1,1,1,1,1,1,1,1,1,1,5,4,3,4,Neurotypical
1,5,5,3,3,2,1,2,1,3,4,3,5,3,1,NA,NA,5,NA,Neurotypical
4,1,4,3,2,3,4,4,3,5,3,5,5,4,4,3,5,4,4,Neurodivergent
5,4,5,3,5,1,5,5,5,3,1,3,2,1,2,2,3,1,2,Neurotypical
5,2,5,4,4,5,4,5,5,5,2,4,1,4,4,5,NA,NA,4,Neurodivergent
5,5,5,5,3,5,5,5,5,5,5,3,2,1,1,3,5,3,4,Neurodivergent
1,2,2,1,1,5,3,2,5,4,2,4,3,3,3,5,5,4,2,Neurotypical
2,2,1,3,4,1,1,2,2,3,5,1,2,1,1,NA,3,5,4,Neurotypical
3,2,3,5,2,5,5,5,5,5,5,2,3,1,4,3,2,5,4,Neurodivergent
3,5,4,4,4,5,5,4,5,5,1,1,2,2,2,5,NA,NA,4,Neurodivergent
1,4,3,3,3,3,4,5,5,5,5,1,1,2,1,1,3,3,3,Neurotypical
3,1,2,3,4,1,1,3,1,2,5,5,3,2,5,4,NA,NA,NA,Neurotypical
3,1,3,2,2,2,1,1,2,4,3,3,3,1,2,5,2,4,4,Neurotypical
2,5,4,3,4,5,5,5,5,5,3,2,2,4,4,2,2,4,3,Neurodivergent
1,2,1,2,1,2,1,2,3,1,3,3,4,5,5,3,3,5,4,Neurotypical
3,2,1,1,1,2,2,2,1,2,2,2,2,1,3,3,4,2,3,Neurotypical
5,5,4,5,4,5,5,5,4,5,4,5,3,4,5,5,NA,NA,5,Neurodivergent
5,2,4,5,5,1,1,2,1,4,4,4,2,5,5,5,5,5,5,Neurodivergent
5,5,5,5,5,3,5,5,5,4,1,4,3,2,4,4,NA,NA,4,Neurodivergent
5,3,5,5,3,4,5,5,5,5,2,3,4,5,5,2,2,5,2,Neurodivergent
4,3,2,3,5,3,4,2,2,3,3,2,4,3,3,3,5,5,4,Neurodivergent
5,3,5,5,4,5,5,5,4,5,3,2,3,4,2,3,NA,3,4,Neurodivergent
4,5,4,4,4,4,4,5,5,4,2,1,4,1,4,NA,5,3,5,Neurodivergent
5,4,4,5,5,1,1,2,1,1,5,4,2,1,4,5,NA,5,NA,Neurodivergent
3,2,5,5,1,4,5,4,3,3,3,1,4,1,1,4,NA,4,4,Neurodivergent
4,1,5,4,5,4,1,2,1,2,3,1,1,2,1,3,2,3,3,Neurotypical
4,2,4,2,5,4,2,3,3,5,3,2,3,3,3,NA,3,NA,5,Neurodivergent
1,2,2,1,2,3,3,4,3,3,4,4,2,4,5,2,4,5,2,Neurotypical
1,1,2,2,1,1,1,1,2,2,4,4,5,5,3,5,4,NA,5,Neurotypical
1,2,1,1,1,4,4,3,5,4,5,4,4,3,5,3,2,4,3,Neurotypical
2,3,3,4,4,1,4,1,2,3,4,4,2,1,4,NA,NA,NA,NA,Neurotypical
1,1,2,1,1,5,1,2,5,5,5,4,4,4,2,4,4,3,3,Neurotypical
3,2,2,3,2,4,3,3,4,4,2,2,3,2,2,4,3,2,2,Neurotypical
2,4,3,3,2,3,3,4,2,5,3,5,5,4,4,5,4,4,5,Neurodivergent
2,2,1,1,3,3,3,1,4,5,2,1,2,2,1,1,1,1,2,Neurotypical
4,2,2,3,3,3,4,4,2,5,5,5,5,5,5,NA,5,4,NA,Neurodivergent
2,3,3,5,1,5,4,4,4,5,5,4,4,4,3,4,2,4,3,Neurodivergent
1,1,1,1,1,1,4,1,1,2,5,5,5,5,5,3,3,5,NA,Neurotypical
1,1,1,1,1,2,1,1,2,1,3,3,2,2,2,NA,4,5,3,Neurotypical
4,5,3,5,2,3,4,3,3,3,3,2,1,4,1,3,3,3,3,Neurotypical
2,1,2,2,4,5,5,5,4,5,1,4,2,5,3,3,5,NA,5,Neurodivergent
5,5,5,2,5,4,3,4,5,4,5,4,3,4,5,5,3,3,2,Neurodivergent
3,4,4,4,5,5,4,5,3,5,2,3,3,2,3,3,2,1,3,Neurodivergent
1,4,1,2,2,3,2,2,4,2,2,5,4,3,4,3,5,4,2,Neurotypical
5,5,5,4,5,2,1,1,1,2,4,4,3,4,3,3,2,5,3,Neurodivergent
4,4,3,2,2,2,5,3,3,5,4,4,5,5,3,3,4,3,5,Neurodivergent
2,5,5,3,5,4,2,5,3,4,4,3,3,2,2,4,4,3,2,Neurodivergent
3,5,1,5,1,1,1,3,3,2,3,2,4,2,4,4,5,NA,NA,Neurotypical
2,1,1,2,2,4,2,4,5,4,1,1,3,2,2,3,3,2,2,Neurotypical
4,5,5,3,4,2,2,1,2,3,1,1,1,1,1,5,3,4,3,Neurotypical
2,4,3,4,4,1,4,5,3,5,3,1,1,2,3,3,4,5,4,Neurodivergent
5,4,5,4,3,1,5,4,3,5,1,1,4,1,4,2,4,2,5,Neurodivergent
1,4,3,2,2,4,2,3,1,5,1,2,1,3,3,4,NA,5,4,Neurotypical
1,1,1,1,1,2,3,2,1,3,4,5,5,5,4,3,4,4,2,Neurotypical
5,5,5,5,4,4,3,2,2,4,1,1,1,1,1,3,3,5,4,Neurotypical
2,1,1,1,1,1,2,2,2,1,4,5,5,5,2,2,1,1,1,Neurotypical
4,5,5,5,3,4,4,4,5,3,4,2,5,3,3,4,NA,NA,4,Neurodivergent
3,4,1,1,1,5,5,3,3,3,4,2,2,1,1,3,4,2,3,Neurotypical
5,3,5,2,3,5,5,5,5,5,4,5,2,4,4,NA,NA,5,NA,Neurodivergent
2,3,1,3,1,5,5,2,5,5,2,4,1,2,4,4,NA,NA,3,Neurotypical
3,1,1,1,1,1,1,1,1,2,2,3,4,2,2,4,5,5,5,Neurotypical
5,3,4,5,5,2,5,2,4,3,5,5,5,5,5,4,3,5,4,Neurodivergent
4,5,5,2,5,1,2,2,4,3,1,1,1,1,2,5,5,3,5,Neurotypical
1,1,3,5,2,3,3,3,5,3,5,3,2,3,5,4,4,5,4,Neurodivergent
2,3,2,3,2,1,4,4,4,5,4,4,4,4,1,5,5,5,4,Neurodivergent
1,2,2,1,1,1,3,1,1,1,2,3,5,3,4,3,4,1,3,Neurotypical
5,5,4,5,4,4,4,2,4,5,3,2,2,3,2,4,3,2,3,Neurodivergent
4,5,4,5,4,5,4,5,5,5,2,3,3,3,4,3,2,1,3,Neurodivergent
5,5,3,5,4,1,3,4,4,2,4,5,3,5,4,5,3,NA,5,Neurodivergent
5,3,5,4,4,3,2,5,2,2,1,4,3,2,3,4,5,5,NA,Neurodivergent
5,5,5,5,5,3,4,5,5,5,2,4,1,3,2,4,4,NA,4,Neurodivergent
3,3,4,4,2,2,1,1,3,2,3,2,1,4,5,2,1,2,5,Neurotypical
3,3,3,2,2,5,5,5,5,5,1,1,2,3,1,5,NA,4,3,Neurodivergent
5,5,5,5,5,5,3,3,4,5,3,3,5,3,3,4,5,2,4,Neurodivergent
2,2,2,3,2,3,5,4,3,5,3,3,1,3,2,NA,5,5,5,Neurodivergent
1,2,1,2,2,3,1,3,1,3,3,5,3,5,4,4,3,4,4,Neurotypical
3,3,1,4,3,4,3,3,1,4,5,5,4,5,5,5,5,NA,4,Neurodivergent
3,2,2,3,3,1,2,1,1,1,3,1,3,4,3,4,1,4,1,Neurotypical
1,2,2,2,3,1,2,1,3,1,3,5,3,4,3,3,1,3,5,Neurotypical
1,1,3,4,2,5,5,4,4,3,2,2,2,1,3,NA,NA,5,5,Neurotypical
1,2,1,1,3,2,3,3,3,3,3,2,3,4,3,5,5,5,3,Neurotypical
4,2,5,4,5,2,2,1,1,1,3,3,4,4,1,5,2,3,4,Neurotypical
4,3,5,5,3,4,5,5,5,5,3,1,3,3,3,3,5,4,5,Neurodivergent
3,2,4,5,5,3,2,4,3,4,2,5,2,1,1,5,4,5,5,Neurodivergent
4,1,2,1,3,1,1,2,2,2,2,2,3,2,1,2,1,2,2,Neurotypical
1,4,2,1,2,1,4,1,2,2,2,2,2,2,1,2,3,3,2,Neurotypical
4,2,3,3,3,1,1,1,2,2,3,4,2,3,4,4,4,5,5,Neurotypical
3,4,5,4,4,5,5,5,5,5,4,5,5,4,5,1,3,3,1,Neurodivergent
5,4,4,5,5,1,2,3,1,4,1,4,2,1,5,2,4,3,3,Neurotypical
2,3,1,2,1,3,1,2,1,3,3,1,4,4,3,2,4,4,2,Neurotypical
2,2,2,2,1,3,1,4,1,1,4,3,5,3,5,1,2,2,3,Neurotypical
4,3,3,3,1,1,2,1,3,1,5,3,2,5,3,2,2,2,3,Neurotypical
2,5,2,1,3,1,4,3,2,1,2,4,2,4,3,1,1,1,2,Neurotypical
5,5,4,5,4,4,3,4,5,4,2,1,4,1,2,5,5,5,4,Neurodivergent
4,5,5,3,5,5,3,4,2,4,3,4,4,4,5,2,5,3,2,Neurodivergent
4,4,5,2,3,5,5,5,5,5,1,1,1,1,1,3,2,2,2,Neurotypical
5,5,3,3,5,4,3,5,2,3,1,2,1,1,1,2,1,2,3,Neurotypical
5,5,5,5,5,5,5,5,5,5,4,3,3,4,5,5,1,3,3,Neurodivergent
2,3,3,3,2,5,4,5,4,4,1,3,3,1,2,2,5,5,4,Neurodivergent
5,4,4,4,3,4,5,4,3,5,1,2,2,2,2,5,3,5,5,Neurodivergent
2,2,2,3,1,2,2,2,5,3,1,1,5,2,2,4,5,5,3,Neurotypical
3,4,5,2,1,5,4,5,5,1,2,3,1,2,4,NA,NA,5,NA,Neurodivergent
5,3,5,5,5,5,2,4,4,2,5,4,3,5,4,3,2,5,4,Neurodivergent
3,4,1,3,2,3,1,1,1,3,3,2,4,5,2,3,2,3,2,Neurotypical
5,3,3,5,5,1,1,2,1,1,2,5,2,1,3,3,4,3,3,Neurotypical
5,5,5,4,5,5,5,5,5,5,2,3,2,2,2,NA,4,3,3,Neurodivergent
1,2,3,4,4,4,2,1,4,5,5,4,4,4,4,4,4,3,5,Neurodivergent
2,4,4,3,1,3,2,3,3,2,2,2,1,1,1,5,5,5,4,Neurotypical
3,2,2,5,4,4,3,4,3,3,5,4,5,4,5,NA,4,5,5,Neurodivergent
4,4,4,5,5,2,5,4,2,2,4,5,3,2,3,4,NA,4,5,Neurodivergent
3,2,2,2,3,5,4,4,4,4,1,1,1,1,1,3,3,2,2,Neurotypical
3,5,5,5,4,5,4,4,5,4,1,1,2,1,2,3,2,4,2,Neurodivergent
2,1,1,2,1,2,1,1,4,1,3,3,3,1,2,NA,5,5,5,Neurotypical
3,3,5,5,4,5,5,3,4,3,3,2,5,3,4,5,5,5,5,Neurodivergent
2,1,1,3,1,4,3,3,4,4,3,3,2,3,2,5,4,2,3,Neurotypical
5,5,4,4,5,5,5,4,4,5,3,3,2,3,4,3,5,4,5,Neurodivergent
3,3,3,1,1,4,5,5,5,5,5,5,5,5,5,3,5,5,3,Neurodivergent
2,1,5,2,1,5,4,5,2,4,1,3,2,3,5,3,4,4,5,Neurodivergent
3,4,5,1,2,5,5,5,5,4,1,1,1,1,3,5,1,4,5,Neurodivergent
4,5,5,2,2,5,5,5,5,5,1,3,1,3,2,2,4,2,4,Neurodivergent
5,5,5,5,5,5,5,5,5,5,1,1,1,1,1,4,NA,NA,5,Neurodivergent
1,2,4,4,3,5,5,4,5,4,3,2,1,4,2,2,1,3,3,Neurotypical
4,4,5,3,2,1,1,1,1,1,5,5,5,5,4,3,3,5,3,Neurodivergent
5,5,5,5,4,1,1,1,1,1,5,4,5,5,5,4,2,4,4,Neurodivergent
4,3,2,2,4,2,1,2,2,1,2,1,2,2,4,3,5,2,2,Neurotypical
1,3,1,1,1,1,1,1,1,1,5,5,4,4,5,3,2,4,3,Neurotypical
4,4,2,1,2,4,3,3,2,3,5,2,2,3,4,3,1,5,5,Neurotypical
3,4,5,4,5,3,5,4,5,4,1,1,1,1,1,3,NA,5,5,Neurodivergent
2,4,4,3,4,5,3,5,4,4,5,2,3,1,4,5,5,4,5,Neurodivergent
3,5,5,5,4,3,5,5,3,4,1,3,1,1,4,1,4,1,4,Neurodivergent
4,2,2,4,5,2,4,3,4,2,1,1,1,1,1,4,5,5,5,Neurotypical
3,2,4,2,2,1,4,4,3,4,5,3,3,3,4,5,NA,3,NA,Neurodivergent
5,5,5,5,5,1,3,5,2,4,1,1,1,1,1,4,NA,NA,5,Neurodivergent
2,2,2,1,2,5,5,5,3,4,3,4,3,1,4,3,4,3,4,Neurodivergent
3,2,2,2,4,2,1,2,1,1,2,4,2,5,3,5,5,NA,NA,Neurotypical
1,4,4,4,2,4,3,4,3,3,2,4,1,1,3,4,2,2,1,Neurotypical
2,4,2,3,4,4,4,1,3,4,3,4,2,3,2,NA,NA,NA,NA,Neurotypical
4,4,5,5,5,4,5,5,5,5,1,1,1,1,1,4,5,5,4,Neurodivergent
5,5,5,5,5,5,5,5,4,5,1,1,1,1,1,4,5,5,3,Neurodivergent
1,1,1,1,1,1,1,1,1,1,4,4,5,5,4,1,2,2,2,Neurotypical
2,1,2,4,1,3,2,5,3,3,5,4,4,5,4,1,2,2,1,Neurotypical
3,4,4,5,5,5,5,5,5,5,3,2,1,2,1,NA,5,NA,NA,Neurodivergent
4,5,3,3,4,2,2,1,2,2,2,2,1,1,2,3,4,1,3,Neurotypical
1,1,1,3,1,3,5,4,4,5,1,1,1,1,1,3,2,3,2,Neurotypical
4,5,4,2,4,5,3,5,4,5,5,5,5,4,5,5,5,NA,NA,Neurodivergent
1,2,1,2,2,1,2,1,1,3,5,4,4,5,3,2,2,2,2,Neurotypical
4,2,4,4,4,4,5,4,5,5,5,2,4,5,3,5,1,3,2,Neurodivergent
5,4,5,3,3,5,4,5,4,5,4,4,3,2,3,5,5,5,5,Neurodivergent
5,4,4,3,2,1,3,3,4,2,1,1,1,1,1,2,2,3,3,Neurotypical
4,5,3,3,4,3,2,2,1,4,5,5,5,5,4,2,2,4,2,Neurodivergent
5,2,4,3,2,2,1,5,4,5,3,3,4,3,4,1,2,1,1,Neurotypical
4,1,2,3,1,1,3,2,2,1,4,2,4,4,3,5,NA,NA,NA,Neurotypical
1,2,1,1,1,1,1,1,1,1,3,2,3,4,5,2,1,1,1,Neurotypical
1,1,1,1,2,3,1,1,2,1,3,4,5,2,2,5,4,5,3,Neurotypical
2,4,3,3,4,1,2,3,1,2,3,5,5,3,3,3,4,4,3,Neurotypical
2,2,1,3,1,2,3,4,4,4,5,4,3,5,3,5,3,4,4,Neurodivergent
1,4,1,4,1,5,1,1,1,1,4,4,2,2,5,2,4,4,3,Neurotypical
5,4,5,4,3,2,4,4,4,3,5,4,4,2,4,2,2,3,2,Neurodivergent
2,2,1,2,3,1,1,1,1,1,3,3,4,3,3,3,2,4,3,Neurotypical
3,5,1,4,4,3,4,2,3,2,5,5,5,5,5,1,5,2,2,Neurodivergent
1,4,3,2,2,4,5,4,5,3,1,1,1,1,2,3,2,2,2,Neurotypical
2,3,2,3,3,5,5,3,3,5,1,1,1,1,1,3,4,4,3,Neurotypical
1,1,1,3,1,3,2,2,4,1,2,1,2,3,3,4,4,3,3,Neurotypical
4,5,5,2,2,3,3,3,2,3,2,2,3,1,3,5,NA,4,2,Neurotypical
3,4,3,2,5,2,3,1,4,1,4,4,2,3,2,5,5,3,5,Neurodivergent
4,5,4,5,2,2,4,3,4,1,3,5,1,4,2,NA,3,3,4,Neurodivergent
2,4,3,1,3,3,4,1,4,3,3,3,2,4,2,3,4,5,2,Neurotypical
4,5,5,5,3,3,5,5,5,5,5,5,3,4,5,2,2,3,3,Neurodivergent
5,5,5,5,5,4,5,5,5,5,1,2,2,1,1,NA,NA,NA,NA,Neurodivergent
1,2,1,3,1,4,3,2,2,2,3,1,2,2,3,1,1,2,4,Neurotypical
5,5,5,5,5,1,3,3,4,4,2,1,2,1,3,1,1,2,2,Neurotypical
4,3,3,4,4,4,2,2,2,4,5,5,4,5,5,1,2,3,2,Neurodivergent
1,2,1,2,1,1,4,5,1,1,4,5,3,5,3,4,NA,NA,5,Neurotypical
5,5,5,2,3,5,5,5,3,4,3,1,3,4,2,4,5,5,3,Neurodivergent
5,4,3,5,3,1,1,1,3,2,5,5,5,5,5,5,2,4,3,Neurodivergent
3,1,3,3,2,4,3,3,5,3,3,3,5,3,4,3,1,1,1,Neurotypical
3,3,1,5,5,3,2,1,1,1,3,5,3,3,2,5,5,3,4,Neurotypical
4,4,3,3,1,3,1,2,3,2,5,3,5,4,4,4,NA,5,4,Neurodivergent
1,2,2,3,2,2,1,3,3,4,4,4,3,5,2,NA,4,NA,5,Neurotypical
5,5,4,5,5,4,4,5,4,2,3,2,5,2,3,4,5,2,2,Neurodivergent
4,4,3,3,1,4,4,2,2,2,1,1,1,1,1,3,1,3,3,Neurotypical
5,5,4,5,4,1,1,1,1,2,5,1,4,5,5,2,1,2,2,Neurotypical
5,5,1,1,4,2,5,5,4,4,5,4,4,5,3,5,NA,5,NA,Neurodivergent
3,1,2,1,1,3,4,4,3,2,4,5,4,5,5,3,4,NA,4,Neurodivergent
5,5,5,5,5,1,4,2,3,4,1,2,3,4,2,1,1,3,3,Neurotypical
4,4,5,5,4,3,4,2,3,2,2,4,2,2,4,4,1,3,2,Neurodivergent
3,2,4,4,2,5,5,5,5,5,4,4,5,1,2,1,1,2,1,Neurodivergent
2,1,1,1,2,3,1,3,1,1,2,2,3,1,1,NA,5,NA,3,Neurotypical
1,1,1,1,1,2,2,1,3,3,1,3,3,4,4,2,5,2,4,Neurotypical
4,5,5,4,5,2,3,4,4,5,1,1,1,1,1,4,2,2,3,Neurotypical
1,1,1,3,1,1,2,4,2,2,1,1,1,4,2,4,2,3,2,Neurotypical
5,5,1,5,5,1,1,1,1,1,4,5,5,4,5,4,4,3,4,Neurodivergent
1,1,2,1,1,3,2,1,5,4,2,4,3,3,4,4,5,3,4,Neurotypical
2,2,1,1,2,5,4,3,5,5,3,2,3,5,2,3,3,4,NA,Neurotypical
5,5,5,5,5,5,5,5,5,3,4,3,5,4,2,4,2,2,2,Neurodivergent
4,3,4,4,2,3,4,1,3,4,2,5,2,4,4,5,5,5,5,Neurodivergent
3,1,1,1,3,1,1,2,1,2,1,1,1,1,5,2,2,4,2,Neurotypical
1,4,2,1,1,5,3,2,4,5,1,1,1,1,1,5,4,4,5,Neurotypical
4,5,4,3,4,3,1,4,3,1,5,5,5,5,5,3,4,2,4,Neurodivergent
4,3,4,2,3,4,4,3,5,2,5,5,4,3,5,2,2,4,2,Neurodivergent
4,4,5,4,5,4,3,4,3,4,2,3,1,2,1,5,5,5,5,Neurodivergent
1,5,1,3,2,2,3,3,2,3,4,3,4,3,3,1,1,1,2,Neurotypical
2,4,2,1,1,1,2,1,1,1,2,5,4,4,3,3,2,5,2,Neurotypical
4,5,5,4,5,4,4,5,2,4,1,2,1,1,1,NA,NA,NA,NA,Neurodivergent
3,1,1,1,2,2,1,1,1,1,5,3,2,4,3,2,4,3,2,Neurotypical
2,3,5,5,2,2,2,3,3,2,2,4,4,2,4,3,2,2,4,Neurotypical
4,5,5,5,5,4,4,3,2,2,3,3,5,3,2,1,4,1,4,Neurodivergent
5,3,1,5,4,1,2,2,2,1,1,5,5,4,3,5,3,5,3,Neurodivergent
3,4,2,1,1,5,5,3,3,2,1,4,2,3,1,5,5,5,5,Neurodivergent
4,5,4,3,2,5,5,5,4,5,4,4,2,2,5,1,4,2,2,Neurodivergent
2,1,4,1,5,1,3,4,4,3,5,5,5,4,5,NA,4,5,4,Neurodivergent
1,2,5,1,3,1,5,4,1,2,4,3,2,2,1,2,4,3,3,Neurotypical
5,5,2,1,1,5,3,4,3,3,5,3,3,5,4,5,4,4,3,Neurodivergent
3,4,5,4,5,5,5,4,5,3,5,4,5,4,5,4,5,3,1,Neurodivergent
2,1,1,1,2,4,3,2,4,2,1,5,2,3,3,4,3,3,3,Neurotypical
2,2,3,3,4,3,5,4,1,1,3,1,1,2,2,4,NA,4,5,Neurotypical
2,3,5,4,4,5,5,5,5,5,4,3,2,4,2,4,NA,3,2,Neurodivergent
3,3,1,3,1,2,5,1,4,3,5,5,2,2,2,3,4,1,4,Neurotypical
5,5,4,3,5,1,3,2,1,4,2,2,2,3,4,NA,4,4,4,Neurodivergent
1,1,1,1,1,4,4,3,5,5,5,4,5,4,4,5,NA,NA,5,Neurodivergent
1,1,1,1,1,1,1,1,1,1,4,5,4,5,4,2,2,2,2,Neurotypical
5,4,2,3,5,2,4,5,4,4,1,4,3,1,2,3,2,3,5,Neurodivergent
4,5,2,4,3,2,4,5,3,1,2,3,3,1,1,1,2,1,5,Neurotypical
3,1,1,1,1,3,4,1,3,5,5,4,5,5,5,3,2,3,3,Neurotypical
1,5,4,2,2,3,3,2,4,5,2,4,1,1,1,3,4,1,5,Neurotypical
5,3,4,4,4,2,1,1,1,2,4,2,5,5,4,2,2,2,4,Neurotypical
2,1,1,1,1,2,2,2,2,2,4,3,4,5,3,2,2,2,2,Neurotypical
2,3,4,1,3,3,3,4,2,4,2,1,1,5,3,2,3,2,4,Neurotypical
2,2,1,2,3,4,5,5,3,4,3,4,5,4,3,3,1,4,1,Neurotypical
2,4,5,4,4,5,5,5,5,5,4,4,5,4,4,3,NA,5,4,Neurodivergent
5,5,4,4,4,2,3,4,3,3,4,5,5,5,2,5,5,4,5,Neurodivergent
1,3,4,1,3,4,1,5,4,5,3,2,2,4,4,5,4,5,4,Neurodivergent
4,5,5,5,5,5,5,5,4,5,1,1,1,1,1,5,5,5,4,Neurodivergent
5,5,5,4,5,5,5,5,4,5,1,2,3,2,2,5,5,4,4,Neurodivergent
2,3,4,5,2,1,2,1,1,1,2,1,3,2,2,3,4,4,3,Neurotypical
3,2,3,2,3,2,2,3,1,2,3,1,1,1,2,1,3,1,4,Neurotypical
2,3,5,4,2,2,3,4,4,3,1,4,4,4,3,3,3,2,2,Neurotypical
4,5,5,5,5,5,4,5,5,5,1,1,1,2,4,5,4,3,NA,Neurodivergent
5,5,5,5,5,4,5,4,2,3,2,5,3,2,1,5,4,4,2,Neurodivergent
4,3,4,4,4,1,3,1,1,1,5,3,1,3,5,2,3,2,2,Neurotypical
4,3,1,3,5,5,5,5,5,5,2,1,1,2,3,3,2,1,1,Neurotypical
1,4,4,3,3,5,5,5,5,5,5,2,2,2,1,4,NA,5,5,Neurodivergent
1,1,1,1,1,1,2,2,3,3,5,5,4,4,4,NA,5,NA,4,Neurotypical
2,1,1,2,1,1,4,3,4,4,5,4,2,4,2,3,2,1,4,Neurotypical
1,2,2,1,1,1,1,2,1,3,2,1,1,4,2,3,3,1,1,Neurotypical
3,1,1,1,2,1,3,3,3,3,2,3,4,3,4,2,3,1,2,Neurotypical
4,5,5,3,5,2,3,4,2,5,1,4,2,4,3,NA,5,5,4,Neurodivergent
3,2,4,4,4,3,2,3,3,2,5,5,5,4,3,3,4,4,5,Neurodivergent
5,3,2,4,1,4,3,4,4,3,5,4,5,2,4,5,5,5,2,Neurodivergent
2,2,3,2,2,5,3,2,3,4,1,4,4,1,1,NA,5,NA,NA,Neurotypical
5,4,5,4,4,5,5,5,5,5,1,1,1,1,2,3,4,2,4,Neurodivergent
1,3,2,1,5,5,2,5,4,4,3,5,3,5,5,5,5,5,5,Neurodivergent
2,1,1,1,2,3,2,4,3,5,1,3,3,1,2,NA,4,NA,NA,Neurotypical
3,1,2,4,3,3,4,4,4,2,4,2,5,5,4,4,3,NA,5,Neurodivergent
3,3,1,1,1,3,1,1,1,1,2,1,1,2,1,4,5,NA,4,Neurotypical
5,5,4,5,5,4,3,2,4,2,1,2,1,4,2,NA,4,3,5,Neurodivergent
3,5,5,5,3,5,2,5,5,4,5,5,2,4,3,5,NA,NA,5,Neurodivergent
3,2,3,3,1,1,1,2,1,3,1,1,2,2,1,3,4,2,3,Neurotypical
2,4,4,5,2,4,4,4,5,5,1,1,1,1,1,5,3,NA,3,Neurotypical
3,3,4,4,1,5,5,5,5,4,3,4,5,3,2,3,5,5,4,Neurodivergent
5,5,4,1,4,5,4,4,4,5,1,1,2,1,1,3,3,1,2,Neurotypical
2,2,1,4,2,5,4,4,3,5,2,2,2,4,2,NA,NA,4,5,Neurodivergent
4,4,1,3,5,2,2,4,3,3,2,1,1,1,1,NA,5,5,5,Neurotypical
2,3,1,1,1,2,1,1,1,3,3,3,1,1,1,NA,5,4,5,Neurotypical
2,2,3,1,3,3,4,3,5,4,5,3,4,2,2,3,2,1,1,Neurotypical
5,5,5,5,5,1,5,5,5,4,1,1,2,1,2,3,5,3,5,Neurodivergent
1,1,2,1,1,1,1,1,1,3,4,3,5,5,4,3,2,2,2,Neurotypical
4,5,3,4,5,5,3,2,3,4,5,1,3,1,3,2,4,2,4,Neurodivergent
2,1,4,3,1,4,5,5,2,5,3,3,2,5,3,4,3,3,4,Neurodivergent
3,1,1,4,1,1,2,1,5,5,2,2,4,2,4,3,NA,3,5,Neurotypical
4,5,5,2,5,4,4,3,4,3,3,1,2,1,1,2,5,4,2,Neurodivergent
2,4,3,5,4,2,2,4,1,3,5,4,5,4,2,2,2,5,4,Neurodivergent
1,4,1,1,3,4,1,3,1,2,3,3,3,1,2,5,2,4,2,Neurotypical
4,5,4,2,1,4,4,3,3,2,2,3,2,4,1,NA,NA,NA,NA,Neurotypical
2,5,3,5,3,2,3,3,1,1,5,5,5,5,5,2,3,2,4,Neurodivergent
2,2,2,2,3,2,2,2,2,3,5,5,5,5,5,5,4,5,5,Neurodivergent
4,3,4,5,4,2,3,3,4,3,3,3,2,1,3,3,1,2,4,Neurotypical
1,1,1,1,1,1,3,1,4,4,2,4,3,4,5,1,2,1,2,Neurotypical
1,2,1,1,1,1,4,3,2,3,3,5,4,3,4,2,4,3,4,Neurotypical
2,5,5,2,4,5,4,5,5,5,5,4,4,4,4,3,4,NA,5,Neurodivergent
3,1,4,2,1,2,4,2,2,5,1,1,1,1,2,3,4,5,3,Neurotypical
3,3,1,1,1,2,1,4,2,1,5,4,4,5,5,2,1,1,1,Neurotypical
3,3,1,4,3,2,1,1,1,1,1,3,4,4,1,4,1,4,4,Neurotypical
5,3,3,4,3,3,4,2,4,2,4,2,1,2,2,5,5,5,4,Neurodivergent
2,1,1,2,2,1,2,3,2,2,4,4,1,3,4,3,4,3,NA,Neurotypical
3,3,2,4,1,4,5,5,3,4,3,5,4,4,3,4,4,NA,NA,Neurodivergent
1,2,3,3,4,5,5,4,4,5,1,2,3,4,3,2,5,2,1,Neurotypical
5,4,3,4,4,1,1,2,1,3,5,5,5,5,5,2,4,4,3,Neurodivergent
3,3,3,1,3,5,5,5,5,5,3,1,5,3,3,4,5,4,4,Neurodivergent
4,5,3,5,5,1,2,4,2,1,2,5,2,1,4,5,4,5,5,Neurodivergent
1,4,1,2,2,1,1,1,1,1,5,4,5,4,5,5,3,4,2,Neurotypical
5,3,4,3,3,5,4,5,5,2,5,1,5,4,4,4,NA,5,4,Neurodivergent
2,2,2,1,1,5,5,4,3,4,2,1,1,1,1,2,4,2,2,Neurotypical
1,1,1,1,1,5,4,4,5,4,2,2,5,3,3,1,3,3,3,Neurotypical
5,3,5,2,4,4,3,5,4,4,2,5,4,4,3,2,3,5,NA,Neurodivergent
1,1,1,3,1,1,1,2,3,5,5,4,5,4,4,2,1,2,1,Neurotypical
4,3,1,3,4,2,3,5,1,3,5,5,3,5,4,1,1,2,1,Neurotypical
3,3,3,3,1,5,3,5,5,5,2,1,1,1,2,3,2,4,3,Neurotypical
3,5,4,5,4,3,5,2,1,3,4,1,4,4,5,2,4,3,5,Neurodivergent
1,3,1,1,1,4,4,2,2,3,5,5,5,5,5,3,1,5,4,Neurodivergent
1,2,3,1,1,5,5,3,4,2,1,2,1,2,3,5,4,NA,2,Neurotypical
5,4,5,3,4,5,5,5,5,4,2,5,3,3,3,4,NA,5,3,Neurodivergent
1,4,1,2,3,4,5,4,5,5,5,4,4,5,5,2,5,1,2,Neurodivergent
1,1,1,1,1,1,3,2,1,2,4,3,3,1,5,5,5,NA,5,Neurotypical
4,2,4,4,2,3,5,5,4,5,5,5,3,3,1,2,5,4,5,Neurodivergent
1,2,1,1,2,2,3,1,2,2,5,5,3,5,5,5,5,5,5,Neurodivergent
4,5,2,1,3,5,5,5,2,4,2,5,5,5,3,1,3,2,1,Neurodivergent
3,1,1,1,2,1,1,1,1,1,5,5,3,5,5,4,2,3,3,Neurotypical
4,2,3,3,4,5,5,5,5,5,1,5,3,1,5,2,5,5,2,Neurodivergent
5,3,5,4,5,5,2,5,5,3,1,1,1,1,1,1,2,1,3,Neurotypical
1,2,4,3,4,1,4,5,3,4,3,3,3,4,4,3,2,4,3,Neurodivergent
5,5,5,5,5,3,5,4,4,3,1,2,1,2,2,2,3,4,2,Neurodivergent
3,5,3,4,4,5,5,4,3,4,2,4,2,3,1,5,3,4,2,Neurodivergent
3,2,1,1,3,1,1,2,2,1,5,4,2,4,5,4,5,5,3,Neurotypical
5,5,5,1,4,2,5,4,2,5,5,4,3,5,3,4,4,NA,5,Neurodivergent
1,1,1,1,1,3,3,1,2,4,4,2,3,1,1,2,1,1,1,Neurotypical
2,3,4,2,5,3,3,2,2,2,1,5,3,2,3,2,4,3,5,Neurotypical
1,2,1,4,3,2,5,4,3,4,2,3,1,1,2,3,5,NA,NA,Neurotypical
2,2,3,2,1,2,4,3,5,3,4,4,3,3,2,3,2,4,4,Neurotypical
4,3,3,5,2,1,2,1,1,1,1,3,2,1,2,1,1,1,2,Neurotypical
5,5,5,5,2,3,2,2,3,3,1,2,3,1,1,5,NA,NA,5,Neurodivergent
1,2,3,3,1,5,5,4,4,1,5,5,5,5,5,5,4,3,NA,Neurodivergent
5,4,5,4,3,5,5,5,4,4,1,2,1,4,4,4,3,4,5,Neurodivergent
1,1,3,2,4,2,3,1,3,4,5,4,4,5,5,4,1,1,2,Neurotypical
2,3,3,1,4,4,5,5,5,4,2,2,2,3,1,NA,4,5,3,Neurodivergent
2,1,1,3,1,5,5,4,4,4,2,3,1,1,3,4,4,1,2,Neurotypical
4,5,3,3,5,5,4,4,3,3,1,1,2,3,1,2,2,3,1,Neurotypical
4,4,5,5,2,5,5,5,5,5,3,1,2,4,4,5,5,5,3,Neurodivergent
4,3,4,2,3,5,4,1,3,5,4,5,5,3,5,3,3,3,4,Neurodivergent
2,2,3,2,1,5,5,5,4,5,3,1,4,5,4,3,2,3,2,Neurodivergent
3,2,1,3,4,3,4,5,1,4,3,5,4,3,4,3,4,2,5,Neurodivergent
4,2,1,4,2,5,3,2,3,3,3,3,2,4,2,5,NA,NA,5,Neurodivergent
4,5,5,5,4,2,3,2,2,3,1,1,1,3,2,4,4,5,2,Neurotypical
3,1,2,3,2,2,2,1,1,1,2,5,2,2,2,5,5,5,5,Neurotypical
2,3,4,1,2,5,5,5,3,3,3,3,3,3,4,5,3,5,3,Neurodivergent
3,2,5,4,4,3,3,1,2,2,3,5,5,1,2,NA,NA,4,NA,Neurotypical
1,1,1,1,2,4,2,1,2,4,4,3,2,1,5,1,1,2,1,Neurotypical
2,1,2,2,1,2,1,4,1,1,1,3,3,1,2,4,2,3,5,Neurotypical
1,1,2,1,1,5,3,3,2,2,1,3,3,4,3,5,2,2,4,Neurotypical
2,1,1,2,4,2,2,3,2,1,3,3,4,3,3,4,4,4,3,Neurotypical
5,3,4,4,5,4,4,5,4,5,5,4,5,4,5,5,5,5,4,Neurodivergent
3,5,5,4,4,5,5,5,5,5,4,5,4,5,4,3,4,4,5,Neurodivergent
1,1,2,1,1,1,2,1,1,3,5,5,2,5,4,3,5,2,3,Neurotypical
3,1,1,1,2,1,4,3,4,4,2,2,3,5,4,3,5,2,4,Neurotypical
3,2,3,2,2,2,4,2,5,1,1,4,4,3,2,3,3,NA,4,Neurotypical
1,1,1,1,1,1,5,1,1,4,3,4,4,4,4,3,4,4,NA,Neurotypical
2,2,1,4,2,3,1,2,3,2,4,5,3,5,4,4,2,4,4,Neurotypical
1,3,2,1,4,1,1,5,3,2,2,2,3,1,2,2,5,4,NA,Neurotypical
4,4,4,2,4,5,5,4,4,4,5,5,5,5,5,NA,4,3,5,Neurodivergent
5,5,5,4,5,1,4,1,2,1,3,5,4,3,4,1,1,2,2,Neurotypical
5,5,4,5,5,5,5,3,4,5,3,1,5,3,1,3,2,4,5,Neurodivergent
3,4,3,1,5,5,4,4,2,3,1,1,1,1,1,1,2,4,4,Neurotypical
5,4,4,5,4,4,4,4,3,4,3,5,2,3,2,5,2,NA,4,Neurodivergent
3,1,2,4,1,1,2,1,1,1,1,4,2,3,1,1,1,3,1,Neurotypical
1,2,5,1,2,4,2,3,3,5,1,1,1,2,1,4,3,3,5,Neurotypical
2,4,4,5,2,3,2,3,2,3,5,5,5,5,5,2,5,3,3,Neurodivergent
1,2,3,3,2,3,2,4,5,4,2,1,1,1,2,2,4,2,3,Neurotypical
3,5,4,4,3,4,2,3,4,3,3,1,1,1,1,3,5,1,2,Neurotypical
4,4,5,5,5,4,3,4,4,4,4,4,4,5,5,5,5,3,4,Neurodivergent
5,5,5,5,5,4,3,5,4,5,1,2,1,1,2,4,NA,NA,NA,Neurodivergent
